{"cameraMode":{"drawMode":0,"name":"Shaded","section":"Shading Mode"},"sceneLighting":false,"audioPlay":false,"sceneViewState":{"m_AlwaysRefresh":false,"showFog":true,"showSkybox":false,"showFlares":true,"showImageEffects":true,"showParticleSystems":true,"showVisualEffectGraphs":true,"m_FxEnabled":true},"in2DMode":false,"pivot":{"x":0.000039968639612197876,"y":0.007835954427719117,"z":0.000018499791622161865},"rotation":{"x":-0.06213127821683884,"y":-0.6666780710220337,"z":-0.055925801396369937,"w":0.7406600117683411},"size":0.10998378694057465,"orthographic":false}