{"cameraMode":{"drawMode":0,"name":"Shaded","section":"Shading Mode"},"sceneLighting":false,"audioPlay":false,"sceneViewState":{"m_AlwaysRefresh":false,"showFog":true,"showSkybox":false,"showFlares":true,"showImageEffects":true,"showParticleSystems":true,"showVisualEffectGraphs":true,"m_FxEnabled":true},"in2DMode":false,"pivot":{"x":0.014020070433616639,"y":0.004718746989965439,"z":0.05736684799194336},"rotation":{"x":-0.06323343515396118,"y":-0.555066704750061,"z":-0.04237331077456474,"w":0.8283306956291199},"size":0.10524764657020569,"orthographic":false}